{"train_loss": 13405.231640625, "_timestamp": 1686747519.0252538, "_runtime": 21.523740768432617, "_step": 49, "val_ndcg@50": 0.11536706303884993, "calibratedrecallk_10": 0.0975706109244743, "calibratedrecallk_20": 0.15376969138319024, "calibratedrecallk_50": 0.30510044467329267, "hitk_100": 2.655095184770437, "hitk_20": 0.9428891377379619, "hitk_50": 1.799552071668533, "ndcgk_10": 0.09251033906504035, "ndcgk_100": 0.19866521224949815, "ndcgk_20": 0.1114167708269653, "ndcgk_50": 0.159679681960349, "recallk_10": 0.08718651125001944, "recallk_20": 0.1527459946023972, "recallk_50": 0.30510044467329267, "_wandb": {"runtime": 21}}